{"cameraMode":{"drawMode":0,"name":"Shaded","section":"Shading Mode"},"sceneLighting":false,"audioPlay":false,"sceneViewState":{"showFog":true,"showMaterialUpdate":false,"showSkybox":true,"showFlares":true,"showImageEffects":true,"showParticleSystems":true},"in2DMode":false,"pivot":{"x":0.10999998450279236,"y":5.039999961853027,"z":0.05300000309944153},"rotation":{"x":-0.2833000123500824,"y":-0.24340340495109559,"z":0.07457681745290756,"w":-0.9246265292167664},"size":2.2863073348999025,"orthographic":false}