{"cameraMode":{"drawMode":0,"name":"Shaded","section":"Shading Mode"},"sceneLighting":true,"audioPlay":false,"sceneViewState":{"showFog":true,"showMaterialUpdate":false,"showSkybox":true,"showFlares":true,"showImageEffects":true,"showParticleSystems":true},"in2DMode":false,"pivot":{"x":1053.8287353515625,"y":-1295.1162109375,"z":538.5696411132813},"rotation":{"x":-0.3437530994415283,"y":-0.48041316866874697,"z":0.21213345229625703,"w":-0.7784834504127502},"size":1799.0079345703125,"orthographic":false}